2019_1101_1113,0.188107194235821
2019_1101_1120,0.0950494011268268
2019_1101_1124,0.14298588092601672
2019_1101_1125,0.22964794720355952
2019_1101_1133,0.46636458716385176
2019_1101_1138,0.09317058231655984
2019_1101_1153,0.09229404987750334
2019_1101_1159,0.43266549565342316
2019_1101_1181,0.030915326736778215
2019_1101_1192,0.6140790020404017
2019_1101_1196,0.0919983839799654
2019_1101_1199,0.05699367930268062
2019_1101_1205,0.5486769281650691
2019_1101_1209,0.35799171035161015
2019_1101_1211,0.036850215806510045
2019_1101_1222,0.05974658438467606
2019_1101_1233,0.5918820442690291
2019_1101_1234,0.19009032015801308
2019_1101_1235,0.10641693278310527
2019_1101_1242,0.06320372477766345
2019_1101_1243,0.06312998411857118
2019_1101_1246,0.04703894625718785
2019_1101_1261,0.10731760665396806
2019_1101_1251,0.2260024548953934
2019_1101_1257,0.07725476031868606
2019_1101_1266,0.09478192377762928
2019_1101_1268,0.07814391629628181
2019_1101_1276,0.039431116804180766
2019_1101_1277,0.03740224355740873
2019_1101_1278,0.12535336880603798
2019_1101_1280,0.10433088074787056
2019_1101_1285,0.42192156172168227
2019_1101_1293,0.1938561995678918
2019_1101_1297,0.34669685390678273
2019_1101_1308,0.19585303505302742
2019_1101_1300,0.6950122234005085
2019_1101_1305,0.09564403276952305
2019_1101_1314,0.041352904649078925
2019_1101_1295,0.6033970432313729
2019_1101_1318,0.30620430225138584
2019_1101_1326,0.12928588279143072
2019_1101_1328,0.10727333730628597
2019_1101_1330,0.31737074392745146
2019_1101_1279,0.129658132223736
2019_1101_1332,0.13399350695527978
2019_1101_1341,0.5773491791811389
2019_1101_1345,0.07159334611220514
2019_1101_1387,0.28942002720061366
2019_1101_1388,0.13661413674004108
2019_1101_1371,0.13886812897382372
2019_1101_1385,0.25753725903983393
2019_1101_1393,0.09705286432659355
2019_1101_1396,0.22299497771681354
2019_1101_1397,0.06484737035263399
2019_1101_1403,0.04319254813287321
2019_1101_1414,0.23683870438713694
2019_1101_1416,0.115627416899438
2019_1101_1429,0.12148406704150272
2019_1101_1433,0.11454911892127706
2019_1101_1439,0.07221726631433678
2019_1101_1436,0.2617660546389612
2019_1101_1437,0.12715120569040883
2019_1101_1438,0.026881720892312555
2019_1101_1449,0.1270397984083773
2019_1101_1458,0.05724175066070547
2019_1101_1459,0.12497019171143764
2019_1101_1463,0.3199648462197964
2019_1113_1120,0.25854675793513415
2019_1113_1124,0.4047837330221076
2019_1113_1125,0.4448804505238474
2019_1113_1133,0.7191667071514304
2019_1113_1138,0.3649195343322913
2019_1113_1153,0.4072969873345734
2019_1113_1159,0.6688127002922117
2019_1113_1181,0.10483021907516998
2019_1113_1192,0.8124849792045055
2019_1113_1196,0.3118419603223419
2019_1113_1199,0.2836302524675587
2019_1113_1205,0.7696239760502521
2019_1113_1209,0.6341610713437663
2019_1113_1211,0.09798064555363117
2019_1113_1222,0.32112357361739385
2019_1113_1233,0.7963108264744068
2019_1113_1234,0.3714484883861767
2019_1113_1235,0.2828805060851457
2019_1113_1242,0.34534163558500164
2019_1113_1243,0.2185358277049404
2019_1113_1246,0.19599846956865452
2019_1113_1261,0.30192785051243587
2019_1113_1251,0.4930954343034285
2019_1113_1257,0.3038534154110015
2019_1113_1266,0.396226143696642
2019_1113_1268,0.36094077169483185
2019_1113_1276,0.13823725635890627
2019_1113_1277,0.11250902656232831
2019_1113_1278,0.4141774937831354
2019_1113_1280,0.3415989863518011
2019_1113_1285,0.6863397868531309
2019_1113_1293,0.43895468063924814
2019_1113_1297,0.6160026862721446
2019_1113_1308,0.43520299412849717
2019_1113_1300,0.8629573294508712
2019_1113_1305,0.3898986142816889
2019_1113_1314,0.14354809342080177
2019_1113_1295,0.8070958459541485
2019_1113_1318,0.553991485214832
2019_1113_1326,0.3761824982177775
2019_1113_1328,0.3828923631458837
2019_1113_1330,0.5695287236372543
2019_1113_1279,0.4297832542271153
2019_1113_1332,0.34737838682860134
2019_1113_1341,0.7945906817040752
2019_1113_1345,0.2010749160039158
2019_1113_1387,0.5596503378435631
2019_1113_1388,0.36181730817946134
2019_1113_1371,0.44442831992160425
2019_1113_1385,0.5479988041640859
2019_1113_1393,0.38206224297952396
2019_1113_1396,0.5267228360994074
2019_1113_1397,0.16542012860442723
2019_1113_1403,0.15161710092591785
2019_1113_1414,0.4948173770878165
2019_1113_1416,0.4246919354840425
2019_1113_1429,0.40632354305306895
2019_1113_1433,0.2787724006272081
2019_1113_1439,0.27200277084692326
2019_1113_1436,0.5364726205412111
2019_1113_1437,0.3567719357859298
2019_1113_1438,0.07554220812789747
2019_1113_1449,0.41121443695344606
2019_1113_1458,0.19548903905067294
2019_1113_1459,0.30986759715661905
2019_1113_1463,0.569131740719728
2019_1120_1124,0.7492348540547936
2019_1120_1125,0.7995197476240795
2019_1120_1133,0.9353926272657873
2019_1120_1138,0.6557095302363399
2019_1120_1153,0.7112377286238708
2019_1120_1159,0.903532453765121
2019_1120_1181,0.28048552624562784
2019_1120_1192,0.9614295098209479
2019_1120_1196,0.6434195005629042
2019_1120_1199,0.5342522103854566
2019_1120_1205,0.9459320431336841
2019_1120_1209,0.9030412536045602
2019_1120_1211,0.2161661770243778
2019_1120_1222,0.5641021587019819
2019_1120_1233,0.955521672835935
2019_1120_1234,0.7007096337343492
2019_1120_1235,0.5774007751763128
2019_1120_1242,0.5940103502223508
2019_1120_1243,0.4264042138924531
2019_1120_1246,0.40599560768653875
2019_1120_1261,0.5804691515280347
2019_1120_1251,0.8507224903126657
2019_1120_1257,0.6032389743203983
2019_1120_1266,0.6868515079238431
2019_1120_1268,0.6542356392121041
2019_1120_1276,0.3863678625613791
2019_1120_1277,0.25857952920402516
2019_1120_1278,0.7858545617504171
2019_1120_1280,0.6327681156967859
2019_1120_1285,0.9163921994049242
2019_1120_1293,0.8062846802093384
2019_1120_1297,0.8924860445072328
2019_1120_1308,0.8015080720754726
2019_1120_1300,0.9827131809816606
2019_1120_1305,0.704554681948206
2019_1120_1314,0.3184079304624189
2019_1120_1295,0.9600012829017837
2019_1120_1318,0.8678076865386867
2019_1120_1326,0.7364246742644137
2019_1120_1328,0.7206566610768365
2019_1120_1330,0.837677601572812
2019_1120_1279,0.7717073644088391
2019_1120_1332,0.6849994753896474
2019_1120_1341,0.9645391282221796
2019_1120_1345,0.39881961273302424
2019_1120_1387,0.8324838177605627
2019_1120_1388,0.7286075622519204
2019_1120_1371,0.8080025341461663
2019_1120_1385,0.8693943990306952
2019_1120_1393,0.7059913834146673
2019_1120_1396,0.8720680276543447
2019_1120_1397,0.35696821941854695
2019_1120_1403,0.3976827750253953
2019_1120_1414,0.8295169869731367
2019_1120_1416,0.7770131422142644
2019_1120_1429,0.7383562497594433
2019_1120_1433,0.5211907145742213
2019_1120_1439,0.5101948537498154
2019_1120_1436,0.8696895630325867
2019_1120_1437,0.6788875258850994
2019_1120_1438,0.20189571603925793
2019_1120_1449,0.7077110223101484
2019_1120_1458,0.44412717646044386
2019_1120_1459,0.6286553593961837
2019_1120_1463,0.8611676811932925
2019_1124_1125,0.5720549615462686
2019_1124_1133,0.8059973399975786
2019_1124_1138,0.44531694423775126
2019_1124_1153,0.49281898783779876
2019_1124_1159,0.7622054332867658
2019_1124_1181,0.1356073042145709
2019_1124_1192,0.8740362307934733
2019_1124_1196,0.3896253900026385
2019_1124_1199,0.3415554125837923
2019_1124_1205,0.8426106177398967
2019_1124_1209,0.7449970469696392
2019_1124_1211,0.12757715482980947
2019_1124_1222,0.38422138667253825
2019_1124_1233,0.8615125721529844
2019_1124_1234,0.4868121494502109
2019_1124_1235,0.3708329637893596
2019_1124_1242,0.40900271455317794
2019_1124_1243,0.2690847456987615
2019_1124_1246,0.24102507406206652
2019_1124_1261,0.3813895153829724
2019_1124_1251,0.6191048237259676
2019_1124_1257,0.3835474852914207
2019_1124_1266,0.49266977777727217
2019_1124_1268,0.4444207206233166
2019_1124_1276,0.19298996024051562
2019_1124_1277,0.1396350605650718
2019_1124_1278,0.5339588084132274
2019_1124_1280,0.43007193890459217
2019_1124_1285,0.7841935117290367
2019_1124_1293,0.5593909565872133
2019_1124_1297,0.7300467196546099
2019_1124_1308,0.5565680055875708
2019_1124_1300,0.9143594799210777
2019_1124_1305,0.48452359304805226
2019_1124_1314,0.1771611023169566
2019_1124_1295,0.8707983708850364
2019_1124_1318,0.674983009471687
2019_1124_1326,0.4820501168021031
2019_1124_1328,0.4785049078514303
2019_1124_1330,0.6606248920607923
2019_1124_1279,0.5553618829779654
2019_1124_1332,0.42804662392843706
2019_1124_1341,0.8652265112050773
2019_1124_1345,0.2518916349050223
2019_1124_1387,0.6528271529480625
2019_1124_1388,0.47441202986803077
2019_1124_1371,0.5609698798003895
2019_1124_1385,0.6788971233642653
2019_1124_1393,0.475152619601527
2019_1124_1396,0.6547487509936172
2019_1124_1397,0.21383740357462044
2019_1124_1403,0.2053503886148378
2019_1124_1414,0.5972247273749103
2019_1124_1416,0.5298080710401863
2019_1124_1429,0.5067737756702344
2019_1124_1433,0.34053344477338066
2019_1124_1439,0.334474325637544
2019_1124_1436,0.6525633708609908
2019_1124_1437,0.46510334160053013
2019_1124_1438,0.09777524439042318
2019_1124_1449,0.4885414329612908
2019_1124_1458,0.25331320786870326
2019_1124_1459,0.40422004781619836
2019_1124_1463,0.6872298035591943
2019_1125_1133,0.7645166018613311
2019_1125_1138,0.38067771373428627
2019_1125_1153,0.43468508365746317
2019_1125_1159,0.7204806046307685
2019_1125_1181,0.1374149266935123
2019_1125_1192,0.8438819274169658
2019_1125_1196,0.35651117657278386
2019_1125_1199,0.3039609868670423
2019_1125_1205,0.8075671538090918
2019_1125_1209,0.703769023234229
2019_1125_1211,0.13289187178340134
2019_1125_1222,0.3337377747661837
2019_1125_1233,0.830197050226904
2019_1125_1234,0.43526744101585657
2019_1125_1235,0.3098272610307684
2019_1125_1242,0.35972735233171815
2019_1125_1243,0.24951621026245552
2019_1125_1246,0.22259965416377314
2019_1125_1261,0.3355827615734812
2019_1125_1251,0.572894749790022
2019_1125_1257,0.32721794400116533
2019_1125_1266,0.42398925270645027
2019_1125_1268,0.37974458686752643
2019_1125_1276,0.16770354342534532
2019_1125_1277,0.15117304613382365
2019_1125_1278,0.49065308583959744
2019_1125_1280,0.3597534684028243
2019_1125_1285,0.7427266310193193
2019_1125_1293,0.5098056869427602
2019_1125_1297,0.6861448557643298
2019_1125_1308,0.5028214469620254
2019_1125_1300,0.88917606415107
2019_1125_1305,0.40220861494116733
2019_1125_1314,0.17932628960548747
2019_1125_1295,0.8396750212113001
2019_1125_1318,0.6244618319262437
2019_1125_1326,0.44584129967569586
2019_1125_1328,0.43793568895356727
2019_1125_1330,0.6258456605360737
2019_1125_1279,0.49218822506202653
2019_1125_1332,0.40929120215162973
2019_1125_1341,0.8305008189719081
2019_1125_1345,0.2301193042730989
2019_1125_1387,0.6150382510956525
2019_1125_1388,0.40584146609758776
2019_1125_1371,0.5260466615931806
2019_1125_1385,0.6308948864527648
2019_1125_1393,0.42844042463741294
2019_1125_1396,0.6147049883201492
2019_1125_1397,0.20085905587188324
2019_1125_1403,0.18423582445428377
2019_1125_1414,0.5739751812656787
2019_1125_1416,0.48642709602061807
2019_1125_1429,0.44487861823563546
2019_1125_1433,0.3144553733518829
2019_1125_1439,0.2837453715479734
2019_1125_1436,0.6198314538029563
2019_1125_1437,0.3866296234397154
2019_1125_1438,0.10470881580998204
2019_1125_1449,0.46168324281557793
2019_1125_1458,0.22488573321505423
2019_1125_1459,0.3405737696148452
2019_1125_1463,0.6389829888347032
2019_1133_1138,0.06819999646325714
2019_1133_1153,0.06763081239454327
2019_1133_1159,0.37859720717823486
2019_1133_1181,0.022357675999175042
2019_1133_1192,0.5590151611511552
2019_1133_1196,0.06915500787702467
2019_1133_1199,0.04068963481092447
2019_1133_1205,0.49172231254506915
2019_1133_1209,0.30407613263665356
2019_1133_1211,0.027181706828395713
2019_1133_1222,0.04228798043605886
2019_1133_1233,0.5363223545625232
2019_1133_1234,0.15855968259764097
2019_1133_1235,0.08342119861931718
2019_1133_1242,0.04511666521105506
2019_1133_1243,0.047157073246141934
2019_1133_1246,0.033215236324406705
2019_1133_1261,0.08202154673943407
2019_1133_1251,0.18440501011767996
2019_1133_1257,0.05769639351830724
2019_1133_1266,0.07082957735823603
2019_1133_1268,0.05716054716421848
2019_1133_1276,0.029179338889778195
2019_1133_1277,0.026707131299138265
2019_1133_1278,0.09537754914073537
2019_1133_1280,0.07876175643776628
2019_1133_1285,0.36509397479908534
2019_1133_1293,0.1569717480567302
2019_1133_1297,0.2943809775020426
2019_1133_1308,0.15911799912628977
2019_1133_1300,0.6445081663343891
2019_1133_1305,0.07090586990290249
2019_1133_1314,0.029443252927982666
2019_1133_1295,0.5475479128153097
2019_1133_1318,0.25892639362964986
2019_1133_1326,0.10007485245595715
2019_1133_1328,0.08022591631370846
2019_1133_1330,0.2677131110589275
2019_1133_1279,0.09969021989630078
2019_1133_1332,0.10501290017842146
2019_1133_1341,0.5202396052285607
2019_1133_1345,0.05317922840961209
2019_1133_1387,0.24019051226173516
2019_1133_1388,0.10757837632572975
2019_1133_1371,0.10568157513489473
2019_1133_1385,0.21165308986101605
2019_1133_1393,0.07182972132385479
2019_1133_1396,0.1792160522134878
2019_1133_1397,0.049656337883098534
2019_1133_1403,0.03186442348881524
2019_1133_1414,0.19382790048035503
2019_1133_1416,0.0864062958643026
2019_1133_1429,0.09233274883697229
2019_1133_1433,0.09034607443314702
2019_1133_1439,0.052563822422380224
2019_1133_1436,0.21564370011041345
2019_1133_1437,0.0996932274095258
2019_1133_1438,0.019679243051915263
2019_1133_1449,0.09549280314672814
2019_1133_1458,0.042955556757776736
2019_1133_1459,0.09707450194036826
2019_1133_1463,0.27171539273845946
2019_1138_1153,0.6587714353189518
2019_1138_1159,0.8551042673836312
2019_1138_1181,0.21006616426043956
2019_1138_1192,0.9393701123275419
2019_1138_1196,0.5649564073065421
2019_1138_1199,0.48822085587061426
2019_1138_1205,0.9162757464158502
2019_1138_1209,0.8409280747256462
2019_1138_1211,0.16813526626187758
2019_1138_1222,0.5336457613854827
2019_1138_1233,0.9309958099663405
2019_1138_1234,0.6246158866411153
2019_1138_1235,0.5336980123252341
2019_1138_1242,0.5631823316557154
2019_1138_1243,0.37234786001873654
2019_1138_1246,0.3532376580765394
2019_1138_1261,0.5539597923030701
2019_1138_1251,0.7621202493481647
2019_1138_1257,0.5549850079573531
2019_1138_1266,0.6622229064062
2019_1138_1268,0.6191842106935024
2019_1138_1276,0.310982253612474
2019_1138_1277,0.1979179805755077
2019_1138_1278,0.7030141751960463
2019_1138_1280,0.6073157320340157
2019_1138_1285,0.8681553775506522
2019_1138_1293,0.7161422699505097
2019_1138_1297,0.8275269823024773
2019_1138_1308,0.7133626099891116
2019_1138_1300,0.967109374645615
2019_1138_1305,0.6645706937316732
2019_1138_1314,0.2616762021617185
2019_1138_1295,0.9367587442315897
2019_1138_1318,0.7936466779122099
2019_1138_1326,0.6549065205179807
2019_1138_1328,0.6449700755789929
2019_1138_1330,0.7760553892564911
2019_1138_1279,0.7129971370730096
2019_1138_1332,0.5919156013250844
2019_1138_1341,0.9389338418780206
2019_1138_1345,0.35688282794355797
2019_1138_1387,0.7658514859495646
2019_1138_1388,0.6518529733770048
2019_1138_1371,0.7178812686548153
2019_1138_1385,0.7977236507005443
2019_1138_1393,0.6405573452091826
2019_1138_1396,0.7860899420129553
2019_1138_1397,0.30930277478636314
2019_1138_1403,0.327695186281748
2019_1138_1414,0.7367236311229728
2019_1138_1416,0.6967621767185023
2019_1138_1429,0.6797032184193652
2019_1138_1433,0.45378677912877685
2019_1138_1439,0.4799497274064849
2019_1138_1436,0.7833200931403579
2019_1138_1437,0.6425029963035194
2019_1138_1438,0.14311303497359373
2019_1138_1449,0.6227736100458601
2019_1138_1458,0.3829429235238755
2019_1138_1459,0.5736436423915193
2019_1138_1463,0.7915658251257074
2019_1153_1159,0.7959193481800748
2019_1153_1181,0.16337243850574956
2019_1153_1192,0.9057968523168289
2019_1153_1196,0.4927489904104564
2019_1153_1199,0.44699856326023757
2019_1153_1205,0.8744120770867526
2019_1153_1209,0.7653877826812838
2019_1153_1211,0.1357897722698187
2019_1153_1222,0.5069914245033695
2019_1153_1233,0.8945181186193887
2019_1153_1234,0.551392051944815
2019_1153_1235,0.486318373599133
2019_1153_1242,0.5373046361427427
2019_1153_1243,0.3296665878802316
2019_1153_1246,0.3123066296795649
2019_1153_1261,0.5011080343489361
2019_1153_1251,0.6680767434678985
2019_1153_1257,0.5153543189410049
2019_1153_1266,0.6362925833100289
2019_1153_1268,0.5912364405001115
2019_1153_1276,0.24642988877548044
2019_1153_1277,0.15753707214871082
2019_1153_1278,0.6243844919674038
2019_1153_1280,0.5710946271912792
2019_1153_1285,0.8059421148851711
2019_1153_1293,0.623908637215669
2019_1153_1297,0.751661688621843
2019_1153_1308,0.6230808211525802
2019_1153_1300,0.9416640824485105
2019_1153_1305,0.6325505149690325
2019_1153_1314,0.21774342404670477
2019_1153_1295,0.9022784194883182
2019_1153_1318,0.7117525810731351
2019_1153_1326,0.5709157478966438
2019_1153_1328,0.5772408085795052
2019_1153_1330,0.7027205643433951
2019_1153_1279,0.6592370088295867
2019_1153_1332,0.5023082211078063
2019_1153_1341,0.8985073840307758
2019_1153_1345,0.31611671976639877
2019_1153_1387,0.6917849161403857
2019_1153_1388,0.5788617839987081
2019_1153_1371,0.631979570224664
2019_1153_1385,0.718721555699253
2019_1153_1393,0.585538745173796
2019_1153_1396,0.6943097654094715
2019_1153_1397,0.26327978196456625
2019_1153_1403,0.2622811108026608
2019_1153_1414,0.6391872837602371
2019_1153_1416,0.6263057428617897
2019_1153_1429,0.6199233042688763
2019_1153_1433,0.3948131813348721
2019_1153_1439,0.4536960524280411
2019_1153_1436,0.6869792676082226
2019_1153_1437,0.5969610052671022
2019_1153_1438,0.10786191704265558
2019_1153_1449,0.5547142700801826
2019_1153_1458,0.32532530555979755
2019_1153_1459,0.5072908873670292
2019_1153_1463,0.715936109775944
2019_1159_1181,0.04150929120045466
2019_1159_1192,0.6564471879654847
2019_1159_1196,0.15019424820216742
2019_1159_1199,0.0894471832962006
2019_1159_1205,0.595611607869865
2019_1159_1209,0.429659992125341
2019_1159_1211,0.046270789574188065
2019_1159_1222,0.09098404692150375
2019_1159_1233,0.6355951413396305
2019_1159_1234,0.23063418453604823
2019_1159_1235,0.12365645614499632
2019_1159_1242,0.10290494061606448
2019_1159_1243,0.09961951582388984
2019_1159_1246,0.06200150454035025
2019_1159_1261,0.12005781293105056
2019_1159_1251,0.3007177142693388
2019_1159_1257,0.11838953984068767
2019_1159_1266,0.13907938308912038
2019_1159_1268,0.12218260871108733
2019_1159_1276,0.0537004371229709
2019_1159_1277,0.04858242940374491
2019_1159_1278,0.2111545217758759
2019_1159_1280,0.12602292880545607
2019_1159_1285,0.48421372742355884
2019_1159_1293,0.25719601039683204
2019_1159_1297,0.4154490534258116
2019_1159_1308,0.2556404324375904
2019_1159_1300,0.7334309789817153
2019_1159_1305,0.14266734694690375
2019_1159_1314,0.05341161622760693
2019_1159_1295,0.6468442814545199
2019_1159_1318,0.36715420368948637
2019_1159_1326,0.20554036502842676
2019_1159_1328,0.18346505371991406
2019_1159_1330,0.3789779499607232
2019_1159_1279,0.20037791506901215
2019_1159_1332,0.19710728078440687
2019_1159_1341,0.6245599102034229
2019_1159_1345,0.07812400417453913
2019_1159_1387,0.35714817075564065
2019_1159_1388,0.18698100232210968
2019_1159_1371,0.2318642493805202
2019_1159_1385,0.3442827769443155
2019_1159_1393,0.1682029667779904
2019_1159_1396,0.3161571312194127
2019_1159_1397,0.07028905836544508
2019_1159_1403,0.06202172596577504
2019_1159_1414,0.31082134278381957
2019_1159_1416,0.197679064329773
2019_1159_1429,0.17487269959405416
2019_1159_1433,0.1537615489374149
2019_1159_1439,0.08721018646628154
2019_1159_1436,0.34178758459136005
2019_1159_1437,0.1551851435941034
2019_1159_1438,0.03541507454943371
2019_1159_1449,0.20383128371218862
2019_1159_1458,0.0847263135521572
2019_1159_1459,0.14515197091268162
2019_1159_1463,0.38149798537075763
2019_1181_1192,0.9872495390633347
2019_1181_1196,0.7934690950543675
2019_1181_1199,0.6804777050431868
2019_1181_1205,0.9799961251977377
2019_1181_1209,0.9488327451710444
2019_1181_1211,0.5137028275886029
2019_1181_1222,0.716251100226894
2019_1181_1233,0.9845339310262725
2019_1181_1234,0.9017747026229554
2019_1181_1235,0.8371833449237687
2019_1181_1242,0.7312516295685947
2019_1181_1243,0.6004917761382631
2019_1181_1246,0.6433750024578339
2019_1181_1261,0.8317095470249858
2019_1181_1251,0.9161932990528755
2019_1181_1257,0.7739771814881309
2019_1181_1266,0.8443720396091348
2019_1181_1268,0.8100686305800754
2019_1181_1276,0.5519479541233125
2019_1181_1277,0.5441410703965941
2019_1181_1278,0.8918301570890034
2019_1181_1280,0.8533010176519745
2019_1181_1285,0.9604128371130295
2019_1181_1293,0.8956506283260117
2019_1181_1297,0.9448403197578588
2019_1181_1308,0.8961799747784799
2019_1181_1300,0.9936413517184495
2019_1181_1305,0.8490274428679201
2019_1181_1314,0.5905107762910402
2019_1181_1295,0.9864327830738017
2019_1181_1318,0.9328594097402093
2019_1181_1326,0.8659770706249494
2019_1181_1328,0.8452254512345845
2019_1181_1330,0.9262173759356066
2019_1181_1279,0.8994301471929529
2019_1181_1332,0.8250605644608731
2019_1181_1341,0.9867687353191799
2019_1181_1345,0.720097525356592
2019_1181_1387,0.9204880520164749
2019_1181_1388,0.8767408063685797
2019_1181_1371,0.8934505057221958
2019_1181_1385,0.93957678804236
2019_1181_1393,0.8342415074612011
2019_1181_1396,0.9270872754999884
2019_1181_1397,0.6864479224681276
2019_1181_1403,0.5582695655175722
2019_1181_1414,0.902583786686648
2019_1181_1416,0.872886824278432
2019_1181_1429,0.8605745835239549
2019_1181_1433,0.7121779631347738
2019_1181_1439,0.7636740799197931
2019_1181_1436,0.9232577104940894
2019_1181_1437,0.8822716846049663
2019_1181_1438,0.44527904078790526
2019_1181_1449,0.8279057154463119
2019_1181_1458,0.604420413854106
2019_1181_1459,0.8480990221404385
2019_1181_1463,0.9370075598889024
2019_1192_1196,0.06586443880687431
2019_1192_1199,0.031258462196197545
2019_1192_1205,0.400255846868104
2019_1192_1209,0.24839873124753753
2019_1192_1211,0.012330200116341894
2019_1192_1222,0.029819172461222565
2019_1192_1233,0.4439785314973296
2019_1192_1234,0.11398399595578368
2019_1192_1235,0.04558753200258514
2019_1192_1242,0.03684914905451331
2019_1192_1243,0.04103634161969261
2019_1192_1246,0.01593006781459083
2019_1192_1261,0.03999162801557221
2019_1192_1251,0.15683725080633082
2019_1192_1257,0.046957588615695656
2019_1192_1266,0.05292511063212535
2019_1192_1268,0.04591558472549251
2019_1192_1276,0.018001680127007647
2019_1192_1277,0.011844937143568823
2019_1192_1278,0.09833922988942057
2019_1192_1280,0.043606755905115646
2019_1192_1285,0.2934919740285906
2019_1192_1293,0.12919455299496696
2019_1192_1297,0.23827324173103093
2019_1192_1308,0.12852551374371224
2019_1192_1300,0.5596626143519068
2019_1192_1305,0.05664551921096861
2019_1192_1314,0.013030033481029824
2019_1192_1295,0.4537925711219104
2019_1192_1318,0.20503134258136457
2019_1192_1326,0.09750000060091402
2019_1192_1328,0.0829392059924059
2019_1192_1330,0.21500924064663995
2019_1192_1279,0.08961647536679174
2019_1192_1332,0.0938291262292027
2019_1192_1341,0.4311975881393857
2019_1192_1345,0.02131966985063094
2019_1192_1387,0.19658270453676596
2019_1192_1388,0.08596213256240537
2019_1192_1371,0.10998497738369484
2019_1192_1385,0.18504320655275008
2019_1192_1393,0.07360990937088963
2019_1192_1396,0.16453041073783203
2019_1192_1397,0.019781933710454336
2019_1192_1403,0.022157549284555045
2019_1192_1414,0.1641997578671397
2019_1192_1416,0.08955429221421074
2019_1192_1429,0.07494297246039872
2019_1192_1433,0.07145709031877978
2019_1192_1439,0.025135080202169147
2019_1192_1436,0.184340989049684
2019_1192_1437,0.061659711723476396
2019_1192_1438,0.009866226663826638
2019_1192_1449,0.09419376821902381
2019_1192_1458,0.0331498464650859
2019_1192_1459,0.05669751302587733
2019_1192_1463,0.21510661573226064
2019_1196_1199,0.49481566978086067
2019_1196_1205,0.8741026145162588
2019_1196_1209,0.7679177438791361
2019_1196_1211,0.16883997838826026
2019_1196_1222,0.5443220721603941
2019_1196_1233,0.8927714553647491
2019_1196_1234,0.6033335694883962
2019_1196_1235,0.5174304480038014
2019_1196_1242,0.5839338731944141
2019_1196_1243,0.3868624033739301
2019_1196_1246,0.36311537954355755
2019_1196_1261,0.5111852575697811
2019_1196_1251,0.681955790239848
2019_1196_1257,0.5602717058163015
2019_1196_1266,0.6670284636500362
2019_1196_1268,0.633664326064002
2019_1196_1276,0.2731726131069723
2019_1196_1277,0.20071047383594642
2019_1196_1278,0.652311305826229
2019_1196_1280,0.5895050951581311
2019_1196_1285,0.8064486840606613
2019_1196_1293,0.6431647444728847
2019_1196_1297,0.758295316950957
2019_1196_1308,0.6429524360958495
2019_1196_1300,0.9341100073270594
2019_1196_1305,0.6554529321878279
2019_1196_1314,0.26474185144551243
2019_1196_1295,0.900392447076252
2019_1196_1318,0.7250936643530143
2019_1196_1326,0.5970054529852641
2019_1196_1328,0.6137132370383155
2019_1196_1330,0.7146631950570861
2019_1196_1279,0.6876991522778719
2019_1196_1332,0.5422462368608529
2019_1196_1341,0.8892435644047653
2019_1196_1345,0.3509269843019285
2019_1196_1387,0.706385686906176
2019_1196_1388,0.608575262023679
2019_1196_1371,0.6585145850823179
2019_1196_1385,0.7292428843334793
2019_1196_1393,0.6246622323657132
2019_1196_1396,0.7058136197689306
2019_1196_1397,0.298104362126817
2019_1196_1403,0.29149982325804413
2019_1196_1414,0.6565107981357955
2019_1196_1416,0.6579009841333925
2019_1196_1429,0.6417376156101675
2019_1196_1433,0.4468190859556833
2019_1196_1439,0.49207382779952147
2019_1196_1436,0.6958612238960791
2019_1196_1437,0.6144444645129777
2019_1196_1438,0.14027693417424236
2019_1196_1449,0.6039667219858502
2019_1196_1458,0.36383335297503816
2019_1196_1459,0.5237190557550704
2019_1196_1463,0.733060037417843
2019_1199_1205,0.9245885283079007
2019_1199_1209,0.8346367059919946
2019_1199_1211,0.2482751998046394
2019_1199_1222,0.5121366506614347
2019_1199_1233,0.9401002640426294
2019_1199_1234,0.7155447246098685
2019_1199_1235,0.6643483215156842
2019_1199_1242,0.5269297556204302
2019_1199_1243,0.35657863227694553
2019_1199_1246,0.39035740482834846
2019_1199_1261,0.67200526484429
2019_1199_1251,0.7596507197561655
2019_1199_1257,0.5737336509665989
2019_1199_1266,0.69296174517334
2019_1199_1268,0.63162040135971
2019_1199_1276,0.29885245583082276
2019_1199_1277,0.2571631550923382
2019_1199_1278,0.7057746051674089
2019_1199_1280,0.707451606268042
2019_1199_1285,0.867527372479089
2019_1199_1293,0.7250794852493468
2019_1199_1297,0.8242534309534405
2019_1199_1308,0.727738904292108
2019_1199_1300,0.9717737130620216
2019_1199_1305,0.6947121916286954
2019_1199_1314,0.3172105433051505
2019_1199_1295,0.9452478693718022
2019_1199_1318,0.7999996932579121
2019_1199_1326,0.6694358249516424
2019_1199_1328,0.6394160253597323
2019_1199_1330,0.7934089888109864
2019_1199_1279,0.7384456127878232
2019_1199_1332,0.6071317099337363
2019_1199_1341,0.9447567931564606
2019_1199_1345,0.49460951185939406
2019_1199_1387,0.7774215080687266
2019_1199_1388,0.6985649559015328
2019_1199_1371,0.7034394260142458
2019_1199_1385,0.805183676469908
2019_1199_1393,0.6318888299282835
2019_1199_1396,0.7736076979702895
2019_1199_1397,0.448601649846331
2019_1199_1403,0.3073995102789082
2019_1199_1414,0.7338227222377537
2019_1199_1416,0.6823926752553335
2019_1199_1429,0.6916691778425221
2019_1199_1433,0.4806972683389873
2019_1199_1439,0.5756480387890582
2019_1199_1436,0.7729993591360427
2019_1199_1437,0.7433279387275236
2019_1199_1438,0.18146316382541472
2019_1199_1449,0.6039904557413217
2019_1199_1458,0.36658400140672387
2019_1199_1459,0.6756008776101996
2019_1199_1463,0.8029784350958847
2019_1205_1209,0.3144846883053851
2019_1205_1211,0.020485063759000943
2019_1205_1222,0.04365178893975985
2019_1205_1233,0.5229495812621523
2019_1205_1234,0.1540505368445182
2019_1205_1235,0.0674045598891333
2019_1205_1242,0.05217387732144185
2019_1205_1243,0.057969586333251
2019_1205_1246,0.025945197767548667
2019_1205_1261,0.0606265884259054
2019_1205_1251,0.20506624088407543
2019_1205_1257,0.06629661804891518
2019_1205_1266,0.07470764735952073
2019_1205_1268,0.06484732476631794
2019_1205_1276,0.027868466076173215
2019_1205_1277,0.02015017283431564
2019_1205_1278,0.13113156732191888
2019_1205_1280,0.06481687482666443
2019_1205_1285,0.365557585282551
2019_1205_1293,0.17137184011122653
2019_1205_1297,0.30277113303809955
2019_1205_1308,0.1707533230629512
2019_1205_1300,0.6343646030534319
2019_1205_1305,0.0790659640102559
2019_1205_1314,0.021826470950821353
2019_1205_1295,0.533703215103556
2019_1205_1318,0.26359766957849096
2019_1205_1326,0.13048360364105405
2019_1205_1328,0.111599942629373
2019_1205_1330,0.2743122552381334
2019_1205_1279,0.12133422472076072
2019_1205_1332,0.12611597245997674
2019_1205_1341,0.5100574245826677
2019_1205_1345,0.03448291391136482
2019_1205_1387,0.25322308703058716
2019_1205_1388,0.11746021834597498
2019_1205_1371,0.145739809825722
2019_1205_1385,0.2393111002415227
2019_1205_1393,0.09959341908740638
2019_1205_1396,0.2140315688723875
2019_1205_1397,0.031593652170680886
2019_1205_1403,0.03340949431364826
2019_1205_1414,0.2138949766113707
2019_1205_1416,0.11952150453004196
2019_1205_1429,0.1028833539003472
2019_1205_1433,0.09797739936361038
2019_1205_1439,0.03929094116005083
2019_1205_1436,0.23832116781484125
2019_1205_1437,0.08849401194225925
2019_1205_1438,0.016341989737251428
2019_1205_1449,0.12636462721333808
2019_1205_1458,0.047999075676830816
2019_1205_1459,0.0832667287055936
2019_1205_1463,0.27555373005121364
2019_1209_1211,0.06270854761294398
2019_1209_1222,0.127032310151046
2019_1209_1233,0.6767960628813484
2019_1209_1234,0.2566112019464921
2019_1209_1235,0.16344773610888286
2019_1209_1242,0.1368427976378841
2019_1209_1243,0.11203309114834359
2019_1209_1246,0.09240030880747385
2019_1209_1261,0.17108777599972336
2019_1209_1251,0.32809265950256294
2019_1209_1257,0.14492514785287058
2019_1209_1266,0.18212260896356303
2019_1209_1268,0.15866549896340987
2019_1209_1276,0.06754661269116502
2019_1209_1277,0.06833398123216516
2019_1209_1278,0.23090796080676568
2019_1209_1280,0.1778129080942097
2019_1209_1285,0.5281627799765309
2019_1209_1293,0.2845568858429992
2019_1209_1297,0.45343415322267766
2019_1209_1308,0.2837457183188432
2019_1209_1300,0.7675714406554617
2019_1209_1305,0.18222530409636395
2019_1209_1314,0.07762937098741785
2019_1209_1295,0.6884861586062484
2019_1209_1318,0.40102945012779234
2019_1209_1326,0.22167000794450398
2019_1209_1328,0.20345351961134517
2019_1209_1330,0.41563133037773603
2019_1209_1279,0.2321707661358734
2019_1209_1332,0.21371910405328343
2019_1209_1341,0.6674829168996537
2019_1209_1345,0.11810147862806208
2019_1209_1387,0.3943332154349364
2019_1209_1388,0.21472667879113705
2019_1209_1371,0.252869927468203
2019_1209_1385,0.37223429897112104
2019_1209_1393,0.19136199033957424
2019_1209_1396,0.34232296258235917
2019_1209_1397,0.10152902039441591
2019_1209_1403,0.07499171411520833
2019_1209_1414,0.33801339648005024
2019_1209_1416,0.22212628757069341
2019_1209_1429,0.21270442110311538
2019_1209_1433,0.17126350138984536
2019_1209_1439,0.13217910045674586
2019_1209_1436,0.37046385115728
2019_1209_1437,0.20040368172883904
2019_1209_1438,0.04598447011987172
2019_1209_1449,0.22828423926212738
2019_1209_1458,0.09854217022674039
2019_1209_1459,0.18852228448739705
2019_1209_1463,0.4166720160881672
2019_1211_1222,0.768563798325644
2019_1211_1233,0.9879099468700894
2019_1211_1234,0.8931517636473133
2019_1211_1235,0.8238998800701904
2019_1211_1242,0.789600312731348
2019_1211_1243,0.6853028709227651
2019_1211_1246,0.6807690955001857
2019_1211_1261,0.8145270327225049
2019_1211_1251,0.9323599286227746
2019_1211_1257,0.811299262346086
2019_1211_1266,0.8569465639410422
2019_1211_1268,0.8392886201881442
2019_1211_1276,0.6155758135655593
2019_1211_1277,0.5743034036989189
2019_1211_1278,0.9112626643092414
2019_1211_1280,0.8428996812759286
2019_1211_1285,0.9681665095148905
2019_1211_1293,0.9124889325315731
2019_1211_1297,0.9556490661029465
2019_1211_1308,0.9109638116867382
2019_1211_1300,0.9947870536068544
2019_1211_1305,0.8666680462824619
2019_1211_1314,0.6195681126600145
2019_1211_1295,0.9897542215302597
2019_1211_1318,0.9446358096212166
2019_1211_1326,0.889887128945681
2019_1211_1328,0.880807045638426
2019_1211_1330,0.9386666447386194
2019_1211_1279,0.9061575273674469
2019_1211_1332,0.8637682215023679
2019_1211_1341,0.9888352492666072
2019_1211_1345,0.7089594506523326
2019_1211_1387,0.9351271245004585
2019_1211_1388,0.8847602040203353
2019_1211_1371,0.9182448386500826
2019_1211_1385,0.9474530297883956
2019_1211_1393,0.8717975431386176
2019_1211_1396,0.9431520903117312
2019_1211_1397,0.6748835005072124
2019_1211_1403,0.6272320481260183
2019_1211_1414,0.9258275455020836
2019_1211_1416,0.9031011690553838
2019_1211_1429,0.8792115724687364
2019_1211_1433,0.7641054743540605
2019_1211_1439,0.7691868251631231
2019_1211_1436,0.941405571516017
2019_1211_1437,0.8692006346182757
2019_1211_1438,0.49154566933025334
2019_1211_1449,0.8752448339353971
2019_1211_1458,0.6781651824885113
2019_1211_1459,0.8381422638389591
2019_1211_1463,0.9462332800168454
2019_1222_1233,0.9456145827292256
2019_1222_1234,0.7055860782809282
2019_1222_1235,0.6606882563870007
2019_1222_1242,0.5214609925487346
2019_1222_1243,0.3366387953036817
2019_1222_1246,0.38452476601311003
2019_1222_1261,0.6789547931163268
2019_1222_1251,0.7721252060156027
2019_1222_1257,0.5719985480979597
2019_1222_1266,0.6951567757100905
2019_1222_1268,0.6319706365004438
2019_1222_1276,0.30387735865425824
2019_1222_1277,0.2486313065600705
2019_1222_1278,0.7202528870253073
2019_1222_1280,0.7116153193909377
2019_1222_1285,0.8762945088695802
2019_1222_1293,0.736275777288529
2019_1222_1297,0.832658970888345
2019_1222_1308,0.7379835280771524
2019_1222_1300,0.9779261318155883
2019_1222_1305,0.7000795675989685
2019_1222_1314,0.31001646098764535
2019_1222_1295,0.9504266590884332
2019_1222_1318,0.8070372100949736
2019_1222_1326,0.6839364964163978
2019_1222_1328,0.6502528260463122
2019_1222_1330,0.8018698691578972
2019_1222_1279,0.745800136432434
2019_1222_1332,0.6131053689805815
2019_1222_1341,0.9553820069726773
2019_1222_1345,0.4865287592313994
2019_1222_1387,0.7869931368126211
2019_1222_1388,0.7048965998539429
2019_1222_1371,0.7202851272444798
2019_1222_1385,0.8158021604900353
2019_1222_1393,0.6394520384320976
2019_1222_1396,0.7890251019252827
2019_1222_1397,0.438480751106784
2019_1222_1403,0.3091675066917956
2019_1222_1414,0.7453663544939605
2019_1222_1416,0.6948235392043864
2019_1222_1429,0.7018305962591892
2019_1222_1433,0.4688511534029267
2019_1222_1439,0.5700603919033072
2019_1222_1436,0.786664838844586
2019_1222_1437,0.7468306546245561
2019_1222_1438,0.17585010354690178
2019_1222_1449,0.6069899657601988
2019_1222_1458,0.3602512733261978
2019_1222_1459,0.6840582317508337
2019_1222_1463,0.8066268287197337
2019_1233_1234,0.1278389827043147
2019_1233_1235,0.05228524570969473
2019_1233_1242,0.04236845665249089
2019_1233_1243,0.047475114679297103
2019_1233_1246,0.018779109458735288
2019_1233_1261,0.046016310351399636
2019_1233_1251,0.1742562290591625
2019_1233_1257,0.053874458651006485
2019_1233_1266,0.06028808782205264
2019_1233_1268,0.05253622316831885
2019_1233_1276,0.021336937521172494
2019_1233_1277,0.0141253691736698
2019_1233_1278,0.11048805482300428
2019_1233_1280,0.050068729210607676
2019_1233_1285,0.3190163551819294
2019_1233_1293,0.14439260723170788
2019_1233_1297,0.26118630627271733
2019_1233_1308,0.14368074154166843
2019_1233_1300,0.5867148589417511
2019_1233_1305,0.06451736916141337
2019_1233_1314,0.015435980261750859
2019_1233_1295,0.48236967049355217
2019_1233_1318,0.22590440344164175
2019_1233_1326,0.10975423585892885
2019_1233_1328,0.09369794371672258
2019_1233_1330,0.23636820845019724
2019_1233_1279,0.10090975716867501
2019_1233_1332,0.10587563223672314
2019_1233_1341,0.4594334292573784
2019_1233_1345,0.024889232285651208
2019_1233_1387,0.21694511384943782
2019_1233_1388,0.09716396819976558
2019_1233_1371,0.12324972443693594
2019_1233_1385,0.20454355215045106
2019_1233_1393,0.08334673692340056
2019_1233_1396,0.18249068794530177
2019_1233_1397,0.02299904853421375
2019_1233_1403,0.02619512737763574
2019_1233_1414,0.18222689961692784
2019_1233_1416,0.10077992266417102
2019_1233_1429,0.08492806961620292
2019_1233_1433,0.08134039605204757
2019_1233_1439,0.02921764586480513
2019_1233_1436,0.20382170020530022
2019_1233_1437,0.07018971318457501
2019_1233_1438,0.011795006475114334
2019_1233_1449,0.10621542234505621
2019_1233_1458,0.03865762203463852
2019_1233_1459,0.06505971716317382
2019_1233_1463,0.2365715427821844
2019_1234_1235,0.36152577399142116
2019_1234_1242,0.35223116653813524
2019_1234_1243,0.25697003513258165
2019_1234_1246,0.2326459713254374
2019_1234_1261,0.36624974186011094
2019_1234_1251,0.6462780763205866
2019_1234_1257,0.3462743027586561
2019_1234_1266,0.44822363263240095
2019_1234_1268,0.39362105440522466
2019_1234_1276,0.18977202577643704
2019_1234_1277,0.17021097464918244
2019_1234_1278,0.5416164677368831
2019_1234_1280,0.3950818381399548
2019_1234_1285,0.7960764332312793
2019_1234_1293,0.5806894244842941
2019_1234_1297,0.7509117648795467
2019_1234_1308,0.5760815556704755
2019_1234_1300,0.9148182792647587
2019_1234_1305,0.4353784443158051
2019_1234_1314,0.19428843760789283
2019_1234_1295,0.8732742823726365
2019_1234_1318,0.699111009273006
2019_1234_1326,0.4874786889648812
2019_1234_1328,0.46529469069882445
2019_1234_1330,0.6779469459678498
2019_1234_1279,0.5501262644816894
2019_1234_1332,0.44399532829748756
2019_1234_1341,0.8665377847143325
2019_1234_1345,0.25899922078796966
2019_1234_1387,0.6664082953631065
2019_1234_1388,0.4735404038250103
2019_1234_1371,0.5738753688773548
2019_1234_1385,0.7029196275985936
2019_1234_1393,0.4509410169571936
2019_1234_1396,0.6825216185353908
2019_1234_1397,0.23353841827711386
2019_1234_1403,0.2002216143891722
2019_1234_1414,0.6312989639167768
2019_1234_1416,0.5243431436738877
2019_1234_1429,0.48379812745650574
2019_1234_1433,0.3422063759248387
2019_1234_1439,0.304227614054969
2019_1234_1436,0.6847828717922385
2019_1234_1437,0.44442668040587996
2019_1234_1438,0.12601813813796692
2019_1234_1449,0.4834948914541738
2019_1234_1458,0.23617494583753362
2019_1234_1459,0.3941211964810052
2019_1234_1463,0.7102290841815535
2019_1235_1242,0.5327101837430922
2019_1235_1243,0.38259899615489723
2019_1235_1246,0.35578467091621513
2019_1235_1261,0.5137800870418743
2019_1235_1251,0.8129902199640451
2019_1235_1257,0.5372509123243938
2019_1235_1266,0.6277826002967284
2019_1235_1268,0.5872850221730452
2019_1235_1276,0.3382788240497323
2019_1235_1277,0.23290855197027527
2019_1235_1278,0.7308971578845782
2019_1235_1280,0.5630337385566995
2019_1235_1285,0.8970125456119143
2019_1235_1293,0.7611854532646508
2019_1235_1297,0.8703839972690179
2019_1235_1308,0.7568854615584372
2019_1235_1300,0.9733657707085994
2019_1235_1305,0.6377326357824361
2019_1235_1314,0.28179483214563805
2019_1235_1295,0.9450845896664876
2019_1235_1318,0.8409641496833267
2019_1235_1326,0.6778275210833455
2019_1235_1328,0.658423068216662
2019_1235_1330,0.8055135143440876
2019_1235_1279,0.7231610158681558
2019_1235_1332,0.62078240966725
2019_1235_1341,0.949046668502835
2019_1235_1345,0.35165629558896105
2019_1235_1387,0.7986211033717392
2019_1235_1388,0.6692814116275777
2019_1235_1371,0.7561202593114568
2019_1235_1385,0.8413812220200276
2019_1235_1393,0.6440466710163596
2019_1235_1396,0.8370224679050482
2019_1235_1397,0.3160578709548838
2019_1235_1403,0.3492616866213013
2019_1235_1414,0.786624851293469
2019_1235_1416,0.7178325389661016
2019_1235_1429,0.6782938311673662
2019_1235_1433,0.4741040659848599
2019_1235_1439,0.44620091583811194
2019_1235_1436,0.8344547339455642
2019_1235_1437,0.6163692752831491
2019_1235_1438,0.1812897537008854
2019_1235_1449,0.6496327004221399
2019_1235_1458,0.3918025719448741
2019_1235_1459,0.5640541635215925
2019_1235_1463,0.8378058539611071
2019_1242_1243,0.3065813699069623
2019_1242_1246,0.3457363368701787
2019_1242_1261,0.6245959848190785
2019_1242_1251,0.7160015045863315
2019_1242_1257,0.5214206515969482
2019_1242_1266,0.6462060610450555
2019_1242_1268,0.5824279894565982
2019_1242_1276,0.26274609846060515
2019_1242_1277,0.20605801278853342
2019_1242_1278,0.6460573988324675
2019_1242_1280,0.6619753428555656
2019_1242_1285,0.8447366932835868
2019_1242_1293,0.6768595720859387
2019_1242_1297,0.7940615852255274
2019_1242_1308,0.6796925253580156
2019_1242_1300,0.9653954248364816
2019_1242_1305,0.6500167525735973
2019_1242_1314,0.2665486349982148
2019_1242_1295,0.9331389440739661
2019_1242_1318,0.764402382183947
2019_1242_1326,0.6108123959045839
2019_1242_1328,0.5802219746035364
2019_1242_1330,0.7564813878301307
2019_1242_1279,0.6824679648365137
2019_1242_1332,0.5467273312226442
2019_1242_1341,0.9333034256408638
2019_1242_1345,0.4381869077795275
2019_1242_1387,0.73868186951362
2019_1242_1388,0.6420251701639808
2019_1242_1371,0.6462771601010118
2019_1242_1385,0.7646943110156281
2019_1242_1393,0.5737598612490522
2019_1242_1396,0.7301162188388435
2019_1242_1397,0.38935458386608357
2019_1242_1403,0.2695345335163263
2019_1242_1414,0.6875518720039494
2019_1242_1416,0.625233452437718
2019_1242_1429,0.6436408943654418
2019_1242_1433,0.42513227281529486
2019_1242_1439,0.5294903866622318
2019_1242_1436,0.7328263597149451
2019_1242_1437,0.6945575333968759
2019_1242_1438,0.13790116820979825
2019_1242_1449,0.5440391609395103
2019_1242_1458,0.32455715063237534
2019_1242_1459,0.62488615240614
2019_1242_1463,0.766500723739101
2019_1243_1246,0.38719895942303195
2019_1243_1261,0.6416741267734506
2019_1243_1251,0.7300642619513814
2019_1243_1257,0.5859131785759123
2019_1243_1266,0.6909911720127251
2019_1243_1268,0.64001728575635
2019_1243_1276,0.27554997170419393
2019_1243_1277,0.26827007838231864
2019_1243_1278,0.6957045835322679
2019_1243_1280,0.6922926041654698
2019_1243_1285,0.8323591596830575
2019_1243_1293,0.6983912373488409
2019_1243_1297,0.7912191900434965
2019_1243_1308,0.7013642035529988
2019_1243_1300,0.9504565472607243
2019_1243_1305,0.6914045201795215
2019_1243_1314,0.3200380357524515
2019_1243_1295,0.9224229792657891
2019_1243_1318,0.7713393016659462
2019_1243_1326,0.6505647864906932
2019_1243_1328,0.6397550213583749
2019_1243_1330,0.7524056368944732
2019_1243_1279,0.7357444234762138
2019_1243_1332,0.5936232479316605
2019_1243_1341,0.91120072408738
2019_1243_1345,0.49183357216276946
2019_1243_1387,0.7370488929056499
2019_1243_1388,0.6840877333912592
2019_1243_1371,0.6885637799096339
2019_1243_1385,0.7753286909494952
2019_1243_1393,0.6406939316507296
2019_1243_1396,0.7432869441780721
2019_1243_1397,0.44690165797332193
2019_1243_1403,0.29066541978665483
2019_1243_1414,0.6997892413596105
2019_1243_1416,0.6791684393797225
2019_1243_1429,0.6731632272038184
2019_1243_1433,0.4898249925859198
2019_1243_1439,0.5743220285563353
2019_1243_1436,0.7363164169564249
2019_1243_1437,0.7313245043555455
2019_1243_1438,0.19152216746472628
2019_1243_1449,0.610846398290462
2019_1243_1458,0.3706975203592615
2019_1243_1459,0.6457610862231983
2019_1243_1463,0.7767783377048516
2019_1246_1261,0.7764448929065424
2019_1246_1251,0.867569758631962
2019_1246_1257,0.6780114574213475
2019_1246_1266,0.7811943236495278
2019_1246_1268,0.7316474870472753
2019_1246_1276,0.4401124844072116
2019_1246_1277,0.394742956351269
2019_1246_1278,0.8298128790030062
2019_1246_1280,0.7999502956526013
2019_1246_1285,0.9351451803744396
2019_1246_1293,0.8380942496890322
2019_1246_1297,0.9089864462779889
2019_1246_1308,0.8385031582145569
2019_1246_1300,0.9909592804365802
2019_1246_1305,0.7856592184365252
2019_1246_1314,0.4580286657724665
2019_1246_1295,0.9766397845487331
2019_1246_1318,0.8897475941517761
2019_1246_1326,0.7960398637836419
2019_1246_1328,0.7644281499648908
2019_1246_1330,0.8820285613720185
2019_1246_1279,0.8401907775499922
2019_1246_1332,0.73495760607062
2019_1246_1341,0.9808825969569083
2019_1246_1345,0.6129144118512533
2019_1246_1387,0.8733300059645737
2019_1246_1388,0.8086659690305026
2019_1246_1371,0.833427470103405
2019_1246_1385,0.8997152514052729
2019_1246_1393,0.7493889694508402
2019_1246_1396,0.8837970569130886
2019_1246_1397,0.5670920042471811
2019_1246_1403,0.4394687940937094
2019_1246_1414,0.8466284429995496
2019_1246_1416,0.8047416862969272
2019_1246_1429,0.7995098702048009
2019_1246_1433,0.5814007716971186
2019_1246_1439,0.6801785986217439
2019_1246_1436,0.8785799703897254
2019_1246_1437,0.8293945851181029
2019_1246_1438,0.29782526034748247
2019_1246_1449,0.7301557303794864
2019_1246_1458,0.47401440672276884
2019_1246_1459,0.7884070680550292
2019_1246_1463,0.8922141734648501
2019_1261_1251,0.8011941793107829
2019_1261_1257,0.502674710863436
2019_1261_1266,0.5876163694986287
2019_1261_1268,0.5473903831809671
2019_1261_1276,0.2988016809779498
2019_1261_1277,0.20279682092350315
2019_1261_1278,0.7064327695033166
2019_1261_1280,0.545837425756402
2019_1261_1285,0.8907464042136279
2019_1261_1293,0.7477604063075702
2019_1261_1297,0.8587331476364876
2019_1261_1308,0.7423425482469935
2019_1261_1300,0.978244162774875
2019_1261_1305,0.6104191228817129
2019_1261_1314,0.24736388504007334
2019_1261_1295,0.946758689444919
2019_1261_1318,0.8268499805740808
2019_1261_1326,0.6606610712824028
2019_1261_1328,0.6333774336671569
2019_1261_1330,0.7928958154687824
2019_1261_1279,0.6856922564223393
2019_1261_1332,0.6100390645250263
2019_1261_1341,0.954331864239252
2019_1261_1345,0.3352344132656149
2019_1261_1387,0.7848184526299492
2019_1261_1388,0.6501962866022228
2019_1261_1371,0.7359946800971473
2019_1261_1385,0.8233149039944629
2019_1261_1393,0.611598516908773
2019_1261_1396,0.8249618406858612
2019_1261_1397,0.3037294596671727
2019_1261_1403,0.3091243119842797
2019_1261_1414,0.7794618378585091
2019_1261_1416,0.6942592896429646
2019_1261_1429,0.6574726774315359
2019_1261_1433,0.44692043788308733
2019_1261_1439,0.4202774646708931
2019_1261_1436,0.8278663963126609
2019_1261_1437,0.5958236550983486
2019_1261_1438,0.15653641415692032
2019_1261_1449,0.623056009447013
2019_1261_1458,0.3524680709015411
2019_1261_1459,0.5579731391523153
2019_1261_1463,0.8182900607845163
2019_1251_1257,0.3362967639374046
2019_1251_1266,0.4393953549095917
2019_1251_1268,0.4050778222399414
2019_1251_1276,0.15005428368183327
2019_1251_1277,0.13720653710311437
2019_1251_1278,0.45491302161897584
2019_1251_1280,0.373538310522601
2019_1251_1285,0.6891403454906795
2019_1251_1293,0.4620589437029212
2019_1251_1297,0.6240565726892704
2019_1251_1308,0.4568835712943705
2019_1251_1300,0.8618202758289054
2019_1251_1305,0.42541239074478676
2019_1251_1314,0.1708004949116455
2019_1251_1295,0.8063104855706655
2019_1251_1318,0.5643080256248347
2019_1251_1326,0.4054815612537037
2019_1251_1328,0.41732460920904446
2019_1251_1330,0.5735350379569245
2019_1251_1279,0.47228300307934756
2019_1251_1332,0.3704902883814021
2019_1251_1341,0.7935456706493973
2019_1251_1345,0.2234976999176177
2019_1251_1387,0.5635343094329714
2019_1251_1388,0.3881889707021985
2019_1251_1371,0.48247842714913314
2019_1251_1385,0.5653985970700046
2019_1251_1393,0.41990414197781867
2019_1251_1396,0.5501587555947893
2019_1251_1397,0.1831360771120868
2019_1251_1403,0.1672518692735525
2019_1251_1414,0.5114775378849998
2019_1251_1416,0.4663761813629599
2019_1251_1429,0.4442418444689231
2019_1251_1433,0.2866736974989831
2019_1251_1439,0.3008373564179847
2019_1251_1436,0.5526666046710845
2019_1251_1437,0.3822504376703916
2019_1251_1438,0.0886649554420067
2019_1251_1449,0.43659455154105486
2019_1251_1458,0.2111993064255655
2019_1251_1459,0.33232211891134333
2019_1251_1463,0.5786566392463045
2019_1257_1266,0.6476207775001556
2019_1257_1268,0.5990550179083615
2019_1257_1276,0.2967900837201709
2019_1257_1277,0.229724992881714
2019_1257_1278,0.6525739690470782
2019_1257_1280,0.6235423100030685
2019_1257_1285,0.844400148436468
2019_1257_1293,0.6762818000234776
2019_1257_1297,0.7990918295897087
2019_1257_1308,0.6786424421659683
2019_1257_1300,0.9571161265327477
2019_1257_1305,0.6411459341778811
2019_1257_1314,0.2916141029764172
2019_1257_1295,0.9269827861932961
2019_1257_1318,0.7693078099240196
2019_1257_1326,0.614021285794788
2019_1257_1328,0.59987786973031
2019_1257_1330,0.7504936394617889
2019_1257_1279,0.6846365585836084
2019_1257_1332,0.5542164947201645
2019_1257_1341,0.9220615682046313
2019_1257_1345,0.418678976060608
2019_1257_1387,0.7376745771314284
2019_1257_1388,0.6321537415741668
2019_1257_1371,0.6582562946644452
2019_1257_1385,0.7667496711310642
2019_1257_1393,0.5985160467974384
2019_1257_1396,0.7326826359123533
2019_1257_1397,0.37177364459930806
2019_1257_1403,0.3070088799083255
2019_1257_1414,0.6851182146828537
2019_1257_1416,0.6390530078367472
2019_1257_1429,0.6409510327183314
2019_1257_1433,0.45589263287517956
2019_1257_1439,0.5174884477926822
2019_1257_1436,0.7302032106791363
2019_1257_1437,0.6560006178089162
2019_1257_1438,0.15784514199094835
2019_1257_1449,0.5806043400483373
2019_1257_1458,0.3673329077634975
2019_1257_1459,0.5873759505450875
2019_1257_1463,0.7771151863383639
2019_1266_1268,0.46066439439748974
2019_1266_1276,0.2222646025702989
2019_1266_1277,0.14234154019287515
2019_1266_1278,0.559309942424645
2019_1266_1280,0.49720443242189416
2019_1266_1285,0.8308941393698854
2019_1266_1293,0.6193694805309453
2019_1266_1297,0.7782828086698799
2019_1266_1308,0.6192094114075974
2019_1266_1300,0.9539419714552637
2019_1266_1305,0.5221458657479305
2019_1266_1314,0.18743685126647724
2019_1266_1295,0.9148917108221508
2019_1266_1318,0.7346952046694103
2019_1266_1326,0.5279111042546003
2019_1266_1328,0.497189975595692
2019_1266_1330,0.7156427230850151
2019_1266_1279,0.5737264780746151
2019_1266_1332,0.47191295027852753
2019_1266_1341,0.9163303012976061
2019_1266_1345,0.2997012681833888
2019_1266_1387,0.6999636191427555
2019_1266_1388,0.5343224896728035
2019_1266_1371,0.5807967229888689
2019_1266_1385,0.7241194277111509
2019_1266_1393,0.48448583003877155
2019_1266_1396,0.6956038848994478
2019_1266_1397,0.2654427654202519
2019_1266_1403,0.23230759438136928
2019_1266_1414,0.6482149558491721
2019_1266_1416,0.5438276817344008
2019_1266_1429,0.5474612894360473
2019_1266_1433,0.36622919532407494
2019_1266_1439,0.37899545840578175
2019_1266_1436,0.7055497903782152
2019_1266_1437,0.5367971584760216
2019_1266_1438,0.0980577803846091
2019_1266_1449,0.48506998493332354
2019_1266_1458,0.27883094501343386
2019_1266_1459,0.4884044649705538
2019_1266_1463,0.7376105721676607
2019_1268_1276,0.26741024521638423
2019_1268_1277,0.1761490525457845
2019_1268_1278,0.6225512408415742
2019_1268_1280,0.5897806922366758
2019_1268_1285,0.8433352356631745
2019_1268_1293,0.6584027193434075
2019_1268_1297,0.7941619239258502
2019_1268_1308,0.6597565464238895
2019_1268_1300,0.9593959430661374
2019_1268_1305,0.61180056586756
2019_1268_1314,0.23632311868529077
2019_1268_1295,0.9255368158635634
2019_1268_1318,0.7581639677801286
2019_1268_1326,0.583825419399342
2019_1268_1328,0.5631835266735109
2019_1268_1330,0.7405223576729671
2019_1268_1279,0.6514609877742357
2019_1268_1332,0.5198638915125353
2019_1268_1341,0.9252409568876764
2019_1268_1345,0.36256669899808436
2019_1268_1387,0.726563036064635
2019_1268_1388,0.600609013058282
2019_1268_1371,0.6331878561286983
2019_1268_1385,0.754872140428095
2019_1268_1393,0.5588925473292714
2019_1268_1396,0.7235933295965439
2019_1268_1397,0.31610991163228674
2019_1268_1403,0.2772914826990992
2019_1268_1414,0.6729080953708889
2019_1268_1416,0.6092390305348585
2019_1268_1429,0.6176639241707584
2019_1268_1433,0.41103639848503315
2019_1268_1439,0.46844886253022355
2019_1268_1436,0.7247302314242883
2019_1268_1437,0.6230796924305879
2019_1268_1438,0.11890643414211344
2019_1268_1449,0.5403020791762234
2019_1268_1458,0.32984194576224035
2019_1268_1459,0.5574579180384304
2019_1268_1463,0.7625569867963482
2019_1276_1277,0.46899381923298267
2019_1276_1278,0.8466766365695932
2019_1276_1280,0.7963502565317142
2019_1276_1285,0.935481536424882
2019_1276_1293,0.854024920070563
2019_1276_1297,0.9132502958982132
2019_1276_1308,0.8552761564530262
2019_1276_1300,0.9877548474542911
2019_1276_1305,0.7943357331125681
2019_1276_1314,0.5054331720467713
2019_1276_1295,0.9753760889214572
2019_1276_1318,0.8999080169046616
2019_1276_1326,0.8219397535197966
2019_1276_1328,0.798033187557945
2019_1276_1330,0.8971666291009885
2019_1276_1279,0.8581467638590468
2019_1276_1332,0.7806245574366297
2019_1276_1341,0.9753941492547973
2019_1276_1345,0.6600486041213971
2019_1276_1387,0.888735265969191
2019_1276_1388,0.8314805549460638
2019_1276_1371,0.847800235946107
2019_1276_1385,0.908073853699195
2019_1276_1393,0.7859531093726255
2019_1276_1396,0.8887896469698493
2019_1276_1397,0.6357873840577608
2019_1276_1403,0.4737702853273461
2019_1276_1414,0.8643579445992144
2019_1276_1416,0.8250454942256924
2019_1276_1429,0.8098031921812079
2019_1276_1433,0.6788303345097331
2019_1276_1439,0.6894089689322616
2019_1276_1436,0.8863233364109482
2019_1276_1437,0.8378533201219076
2019_1276_1438,0.3889037985627015
2019_1276_1449,0.7842717987983883
2019_1276_1458,0.5427458362342568
2019_1276_1459,0.7946587979082205
2019_1276_1463,0.9042222570615699
2019_1277_1278,0.897752476395772
2019_1277_1280,0.8475547815988749
2019_1277_1285,0.9619973474338299
2019_1277_1293,0.8990177999041017
2019_1277_1297,0.946922902431543
2019_1277_1308,0.8985672614756391
2019_1277_1300,0.9942491744418669
2019_1277_1305,0.8542072165717609
2019_1277_1314,0.5712636799780733
2019_1277_1295,0.9874569023086763
2019_1277_1318,0.9345413947083807
2019_1277_1326,0.8694946013114344
2019_1277_1328,0.853350010173964
2019_1277_1330,0.9255283667665121
2019_1277_1279,0.900407932015268
2019_1277_1332,0.8284218499071869
2019_1277_1341,0.9878894688765568
2019_1277_1345,0.690427663425272
2019_1277_1387,0.9208459440720205
2019_1277_1388,0.8762397457678557
2019_1277_1371,0.9017628737016141
2019_1277_1385,0.9403367304979314
2019_1277_1393,0.842987718053162
2019_1277_1396,0.9324681653464605
2019_1277_1397,0.6499948032781142
2019_1277_1403,0.5661305792933404
2019_1277_1414,0.9066499826200238
2019_1277_1416,0.8828909833440828
2019_1277_1429,0.86638765363994
2019_1277_1433,0.705600633897265
2019_1277_1439,0.7548858250705748
2019_1277_1436,0.9279213567883622
2019_1277_1437,0.8746720658872997
2019_1277_1438,0.41847365019194516
2019_1277_1449,0.8361261768180085
2019_1277_1458,0.6099706903837998
2019_1277_1459,0.8401079561798298
2019_1277_1463,0.9368634141687582
2019_1278_1280,0.4625227006110463
2019_1278_1285,0.7570597439020001
2019_1278_1293,0.538621718820935
2019_1278_1297,0.6965764304983357
2019_1278_1308,0.5365443383994177
2019_1278_1300,0.904260437694989
2019_1278_1305,0.5294691492990562
2019_1278_1314,0.1923842977886675
2019_1278_1295,0.8596520640170537
2019_1278_1318,0.6442275093216032
2019_1278_1326,0.4786693070803296
2019_1278_1328,0.4957465084067382
2019_1278_1330,0.6445089574606316
2019_1278_1279,0.5622336163336874
2019_1278_1332,0.43016521730223156
2019_1278_1341,0.8499485659513927
2019_1278_1345,0.2632291893169585
2019_1278_1387,0.6389878372389135
2019_1278_1388,0.47604487395649464
2019_1278_1371,0.5534099190097451
2019_1278_1385,0.6464084239462258
2019_1278_1393,0.5032572445863441
2019_1278_1396,0.6231549583532607
2019_1278_1397,0.21467392380215844
2019_1278_1403,0.21628299580262922
2019_1278_1414,0.5731977383503393
2019_1278_1416,0.542915768345645
2019_1278_1429,0.5265858849052317
2019_1278_1433,0.3511149863073586
2019_1278_1439,0.3780903215805098
2019_1278_1436,0.6191666205610377
2019_1278_1437,0.48077168953109195
2019_1278_1438,0.09715980565499283
2019_1278_1449,0.5086125495273683
2019_1278_1458,0.27243308957039813
2019_1278_1459,0.40766370226021675
2019_1278_1463,0.6564881779076652
2019_1280_1285,0.8869483353442396
2019_1280_1293,0.7372688190239189
2019_1280_1297,0.8538054175695133
2019_1280_1308,0.7327305603779918
2019_1280_1300,0.9742619350841297
2019_1280_1305,0.6251208951268761
2019_1280_1314,0.24396713945220427
2019_1280_1295,0.9422126019618849
2019_1280_1318,0.8201078241907187
2019_1280_1326,0.653534155947661
2019_1280_1328,0.6318982792788552
2019_1280_1330,0.7860630471858501
2019_1280_1279,0.6966160223038657
2019_1280_1332,0.5893296236733013
2019_1280_1341,0.9494436726682676
2019_1280_1345,0.32406510863780313
2019_1280_1387,0.7783050828881308
2019_1280_1388,0.6438608368847784
2019_1280_1371,0.730625992069168
2019_1280_1385,0.8204908236603076
2019_1280_1393,0.6172295644847137
2019_1280_1396,0.8168422303162983
2019_1280_1397,0.28528532481236857
2019_1280_1403,0.31951691230640245
2019_1280_1414,0.7626709156575839
2019_1280_1416,0.6928327963354766
2019_1280_1429,0.6631049035583746
2019_1280_1433,0.4344374923994787
2019_1280_1439,0.42916296432212686
2019_1280_1436,0.8154144500667815
2019_1280_1437,0.6021834816940287
2019_1280_1438,0.14242091464179518
2019_1280_1449,0.6142338215005747
2019_1280_1458,0.3597862516105853
2019_1280_1459,0.5517525369590148
2019_1280_1463,0.8138357044900162
2019_1285_1293,0.23560087060614776
2019_1285_1297,0.3947532985484189
2019_1285_1308,0.23549090008085583
2019_1285_1300,0.7241421893690994
2019_1285_1305,0.12838549702336477
2019_1285_1314,0.05020577507991997
2019_1285_1295,0.6363223146876367
2019_1285_1318,0.3474727360503618
2019_1285_1326,0.17754067913948135
2019_1285_1328,0.15545423084739995
2019_1285_1330,0.3602782643536847
2019_1285_1279,0.17658625001938444
2019_1285_1332,0.1735180108077251
2019_1285_1341,0.6132475805791743
2019_1285_1345,0.08045634841021299
2019_1285_1387,0.33696472784442233
2019_1285_1388,0.17090114831474956
2019_1285_1371,0.19850678302053748
2019_1285_1385,0.31526113925310517
2019_1285_1393,0.1419530100327583
2019_1285_1396,0.2844554849978518
2019_1285_1397,0.07068652668243347
2019_1285_1403,0.054702428009174575
2019_1285_1414,0.2856617670228834
2019_1285_1416,0.16780527339350604
2019_1285_1429,0.15809865178822213
2019_1285_1433,0.13912776874876354
2019_1285_1439,0.0865357862097369
2019_1285_1436,0.3150646068953411
2019_1285_1437,0.15102122066246615
2019_1285_1438,0.032316482761229115
2019_1285_1449,0.17685759559903125
2019_1285_1458,0.07356905457978535
2019_1285_1459,0.14483912037737312
2019_1285_1463,0.3621260257839699
2019_1293_1297,0.6867470789894861
2019_1293_1308,0.5332424009206166
2019_1293_1300,0.8897483109722543
2019_1293_1305,0.521276267590139
2019_1293_1314,0.20658522840974147
2019_1293_1295,0.842705894301683
2019_1293_1318,0.6307606844667982
2019_1293_1326,0.4850008343071017
2019_1293_1328,0.5062500473359195
2019_1293_1330,0.6326832082091711
2019_1293_1279,0.5673726438187896
2019_1293_1332,0.4442504421862772
2019_1293_1341,0.8323473884114511
2019_1293_1345,0.2621165386872588
2019_1293_1387,0.625154257359998
2019_1293_1388,0.46714032132980965
2019_1293_1371,0.5742540336566135
2019_1293_1385,0.6388677425534803
2019_1293_1393,0.513433702382943
2019_1293_1396,0.630643938329052
2019_1293_1397,0.21567538201751568
2019_1293_1403,0.2156931611194055
2019_1293_1414,0.5831352752259249
2019_1293_1416,0.5650987626196373
2019_1293_1429,0.538848291301311
2019_1293_1433,0.34324436584847917
2019_1293_1439,0.36411627058444473
2019_1293_1436,0.6253438542761066
2019_1293_1437,0.4599036809149387
2019_1293_1438,0.10681684028393656
2019_1293_1449,0.5205131597670285
2019_1293_1458,0.26933548553758635
2019_1293_1459,0.39503426869037983
2019_1293_1463,0.6422518494073683
2019_1297_1308,0.3058998834340443
2019_1297_1300,0.7810660849679214
2019_1297_1305,0.2040166771022236
2019_1297_1314,0.08520589205742524
2019_1297_1295,0.7048959201596182
2019_1297_1318,0.4235772761953147
2019_1297_1326,0.24679910022376572
2019_1297_1328,0.2296047039127289
2019_1297_1330,0.43810173032679456
2019_1297_1279,0.2601310112307853
2019_1297_1332,0.23492147377710804
2019_1297_1341,0.6853899590648956
2019_1297_1345,0.12695433235037712
2019_1297_1387,0.4185829930583689
2019_1297_1388,0.2344338608127836
2019_1297_1371,0.28454518583581656
2019_1297_1385,0.40158087324515435
2019_1297_1393,0.21696292694773223
2019_1297_1396,0.3736580436002349
2019_1297_1397,0.10895848208184034
2019_1297_1403,0.08269434208093873
2019_1297_1414,0.3636746917994633
2019_1297_1416,0.25166931498399825
2019_1297_1429,0.2360951495387278
2019_1297_1433,0.18511484415479074
2019_1297_1439,0.14454049899346744
2019_1297_1436,0.3980663079455722
2019_1297_1437,0.21823465993818003
2019_1297_1438,0.050231554724357474
2019_1297_1449,0.25468554187719517
2019_1297_1458,0.10876130065290612
2019_1297_1459,0.20269668605882618
2019_1297_1463,0.4396788511528621
2019_1308_1300,0.8934100001636942
2019_1308_1305,0.5276637570598686
2019_1308_1314,0.21335587253487032
2019_1308_1295,0.8474168331615379
2019_1308_1318,0.6408895897671965
2019_1308_1326,0.49573593239824376
2019_1308_1328,0.5158913186463503
2019_1308_1330,0.6410285343519435
2019_1308_1279,0.5784755143323009
2019_1308_1332,0.4535193101012651
2019_1308_1341,0.8376480643891262
2019_1308_1345,0.26926311786953894
2019_1308_1387,0.6337948538418589
2019_1308_1388,0.475760966343003
2019_1308_1371,0.586443645373947
2019_1308_1385,0.6505738507837605
2019_1308_1393,0.5223994939103005
2019_1308_1396,0.6429032756844192
2019_1308_1397,0.2225543212827621
2019_1308_1403,0.22203871088268345
2019_1308_1414,0.5939090256494106
2019_1308_1416,0.5754540289463572
2019_1308_1429,0.5473299527330779
2019_1308_1433,0.34962929216076355
2019_1308_1439,0.37062558873631435
2019_1308_1436,0.6366680511244311
2019_1308_1437,0.46890904838998104
2019_1308_1438,0.11124057330715897
2019_1308_1449,0.5294688277064589
2019_1308_1458,0.2755826764402963
2019_1308_1459,0.4032237346163716
2019_1308_1463,0.6523267340182053
2019_1300_1305,0.03006799239399327
2019_1300_1314,0.007392119690173837
2019_1300_1295,0.3096575431494766
2019_1300_1318,0.11757361970463953
2019_1300_1326,0.05084591156902274
2019_1300_1328,0.04264525318612811
2019_1300_1330,0.12512370485857827
2019_1300_1279,0.0477537045049542
2019_1300_1332,0.048727127778744994
2019_1300_1341,0.290241276825164
2019_1300_1345,0.013295069270360726
2019_1300_1387,0.11221717034996193
2019_1300_1388,0.04507746726557427
2019_1300_1371,0.05773832301695514
2019_1300_1385,0.10357026744603082
2019_1300_1393,0.03785629907885324
2019_1300_1396,0.09015594300521179
2019_1300_1397,0.012651160128214545
2019_1300_1403,0.010294749185881802
2019_1300_1414,0.0907723963164917
2019_1300_1416,0.04662461784805627
2019_1300_1429,0.03932795897914809
2019_1300_1433,0.03677033894525905
2019_1300_1439,0.014983287203326867
2019_1300_1436,0.10313674686450702
2019_1300_1437,0.03459522746509058
2019_1300_1438,0.005022607455611783
2019_1300_1449,0.04865964250352384
2019_1300_1458,0.015901376262386857
2019_1300_1459,0.030528502059370743
2019_1300_1463,0.12492381041917433
2019_1305_1314,0.24850721701994916
2019_1305_1295,0.9217830700121944
2019_1305_1318,0.7617920079132768
2019_1305_1326,0.6233218532027675
2019_1305_1328,0.6245611592857152
2019_1305_1330,0.7419259756923573
2019_1305_1279,0.7023713774682336
2019_1305_1332,0.5477089053835392
2019_1305_1341,0.922930136816454
2019_1305_1345,0.3349623154178949
2019_1305_1387,0.7335924129338737
2019_1305_1388,0.6220052240131468
2019_1305_1371,0.6905011014375346
2019_1305_1385,0.7704148340400085
2019_1305_1393,0.628643223730047
2019_1305_1396,0.7521717400683854
2019_1305_1397,0.28149998874138893
2019_1305_1403,0.30908225590597604
2019_1305_1414,0.690960451621238
2019_1305_1416,0.6761580816132855
2019_1305_1429,0.6635001562743295
2019_1305_1433,0.4242977603662901
2019_1305_1439,0.4731124873113237
2019_1305_1436,0.7417881987614529
2019_1305_1437,0.6221172807824544
2019_1305_1438,0.12790210162119864
2019_1305_1449,0.5989648470574271
2019_1305_1458,0.36423439854866224
2019_1305_1459,0.5427436093913836
2019_1305_1463,0.7638167961878906
2019_1314_1295,0.9831431548919812
2019_1314_1318,0.9150350497477403
2019_1314_1326,0.8363680719248399
2019_1314_1328,0.8125679986792488
2019_1314_1330,0.9065161269992887
2019_1314_1279,0.8737690602679115
2019_1314_1332,0.7856722898879115
2019_1314_1341,0.9853591639156238
2019_1314_1345,0.6583639626120151
2019_1314_1387,0.9001583437171936
2019_1314_1388,0.8459709145730372
2019_1314_1371,0.8724450713787654
2019_1314_1385,0.9230349891577635
2019_1314_1393,0.7991207903989761
2019_1314_1396,0.9121137947358087
2019_1314_1397,0.6148819492701598
2019_1314_1403,0.4988790143769265
2019_1314_1414,0.8806370993125041
2019_1314_1416,0.8481888438209868
2019_1314_1429,0.8360847243741294
2019_1314_1433,0.6428716049400605
2019_1314_1439,0.7220461246101286
2019_1314_1436,0.9069788152636868
2019_1314_1437,0.8554107352941399
2019_1314_1438,0.3601588486309939
2019_1314_1449,0.787416821746209
2019_1314_1458,0.5373420123200325
2019_1314_1459,0.8189576620586858
2019_1314_1463,0.9176317603271118
2019_1295_1318,0.22364773994504572
2019_1295_1326,0.10802438762348454
2019_1295_1328,0.09222997470977434
2019_1295_1330,0.23374603709264263
2019_1295_1279,0.0999893156328091
2019_1295_1332,0.10406627380842814
2019_1295_1341,0.4565438083061798
2019_1295_1345,0.025772688858396564
2019_1295_1387,0.2144674538426119
2019_1295_1388,0.0959680350123564
2019_1295_1371,0.1214862899800968
2019_1295_1385,0.2022991177874467
2019_1295_1393,0.08213488895732168
2019_1295_1396,0.1802847915964736
2019_1295_1397,0.023982499521955858
2019_1295_1403,0.025677984866065318
2019_1295_1414,0.17991952789913523
2019_1295_1416,0.0992728799039786
2019_1295_1429,0.083837857150868
2019_1295_1433,0.080006491077526
2019_1295_1439,0.02971151161964325
2019_1295_1436,0.20140889533642214
2019_1295_1437,0.0705130276516357
2019_1295_1438,0.01203959294306145
2019_1295_1449,0.10455364178654492
2019_1295_1458,0.03788857039808369
2019_1295_1459,0.06519883218800404
2019_1295_1463,0.23425949155438897
2019_1318_1326,0.3276436723420231
2019_1318_1328,0.3172655672907567
2019_1318_1330,0.5111472602364333
2019_1318_1279,0.3569672886462456
2019_1318_1332,0.3043591532840868
2019_1318_1341,0.7443987002323796
2019_1318_1345,0.17051581849021613
2019_1318_1387,0.49550738154611995
2019_1318_1388,0.30252506842277604
2019_1318_1371,0.38393896067539535
2019_1318_1385,0.49171077646442285
2019_1318_1393,0.30716892212591274
2019_1318_1396,0.4688065900350553
2019_1318_1397,0.14617498053063416
2019_1318_1403,0.1197984183633709
2019_1318_1414,0.4445531051676551
2019_1318_1416,0.350208753893533
2019_1318_1429,0.3229128080643435
2019_1318_1433,0.23528887646648522
2019_1318_1439,0.20472946043138962
2019_1318_1436,0.4833289876744059
2019_1318_1437,0.2868674385516501
2019_1318_1438,0.07074255485322722
2019_1318_1449,0.34094959365322763
2019_1318_1458,0.15383509084047264
2019_1318_1459,0.2578396644212694
2019_1318_1463,0.5155220205725506
2019_1326_1328,0.488418453233303
2019_1326_1330,0.641920074852977
2019_1326_1279,0.5444786191613924
2019_1326_1332,0.4421250210966434
2019_1326_1341,0.8402491595480263
2019_1326_1345,0.2805025394247418
2019_1326_1387,0.6336939859575397
2019_1326_1388,0.47912192001408604
2019_1326_1371,0.5402404663602023
2019_1326_1385,0.6375310916956731
2019_1326_1393,0.4904616473864405
2019_1326_1396,0.6107421540264534
2019_1326_1397,0.2393939011987135
2019_1326_1403,0.21734995221965725
2019_1326_1414,0.5718497121769592
2019_1326_1416,0.5256248199471045
2019_1326_1429,0.5035991898942531
2019_1326_1433,0.36981313351519174
2019_1326_1439,0.37574783684530044
2019_1326_1436,0.6118071111801445
2019_1326_1437,0.4761785524118676
2019_1326_1438,0.11394678932441327
2019_1326_1449,0.5048094624475197
2019_1326_1458,0.2767843894843135
2019_1326_1459,0.40951087279576637
2019_1326_1463,0.6560106333881774
2019_1328_1330,0.6508768585726542
2019_1328_1279,0.5678574946206703
2019_1328_1332,0.44412296324671063
2019_1328_1341,0.8553958145447058
2019_1328_1345,0.2942716508263341
2019_1328_1387,0.6411211914497845
2019_1328_1388,0.500427181953909
2019_1328_1371,0.546338643235319
2019_1328_1385,0.6499590684782556
2019_1328_1393,0.5050658527754205
2019_1328_1396,0.6178794089235691
2019_1328_1397,0.24756755920916307
2019_1328_1403,0.2234077701328323
2019_1328_1414,0.5748175816157135
2019_1328_1416,0.5372757754747053
2019_1328_1429,0.5270194236846977
2019_1328_1433,0.37136815512459553
2019_1328_1439,0.4076495440775547
2019_1328_1436,0.6173687792398189
2019_1328_1437,0.5155208009210169
2019_1328_1438,0.10484009253871385
2019_1328_1449,0.5036582586023226
2019_1328_1458,0.28509470909954215
2019_1328_1459,0.4373337262853141
2019_1328_1463,0.6659411627465691
2019_1330_1279,0.1966860032640252
2019_1330_1332,0.19281591028370393
2019_1330_1341,0.6529956621069106
2019_1330_1345,0.11051572780005636
2019_1330_1387,0.3678633138834215
2019_1330_1388,0.19929978142553917
2019_1330_1371,0.20580500841845895
2019_1330_1385,0.339419456878141
2019_1330_1393,0.1555103774453228
2019_1330_1396,0.3019342637379885
2019_1330_1397,0.10273769949275402
2019_1330_1403,0.07025403564686616
2019_1330_1414,0.3117449076575708
2019_1330_1416,0.18060051809279465
2019_1330_1429,0.18656463688171332
2019_1330_1433,0.16428853194954673
2019_1330_1439,0.11678683227947362
2019_1330_1436,0.34075465134136573
2019_1330_1437,0.1838136604015177
2019_1330_1438,0.04642620134245101
2019_1330_1449,0.1894187981546367
2019_1330_1458,0.09224344717294053
2019_1330_1459,0.1748779927493238
2019_1330_1463,0.40326315041322314
2019_1279_1332,0.4198453014922151
2019_1279_1341,0.8699773749768506
2019_1279_1345,0.24378206714634076
2019_1279_1387,0.6492835594573185
2019_1279_1388,0.4674524041084064
2019_1279_1371,0.5494320955793064
2019_1279_1385,0.6695507756615661
2019_1279_1393,0.4713235978658973
2019_1279_1396,0.6443166392722491
2019_1279_1397,0.2044745958953349
2019_1279_1403,0.2057359692728722
2019_1279_1414,0.5889310712990585
2019_1279_1416,0.5220644655692432
2019_1279_1429,0.5063522360396666
2019_1279_1433,0.33390945557592167
2019_1279_1439,0.33628562743621426
2019_1279_1436,0.6447075878491277
2019_1279_1437,0.46213395146881897
2019_1279_1438,0.08808906555610396
2019_1279_1449,0.47943673395508635
2019_1279_1458,0.25398495921054876
2019_1279_1459,0.40082407503951434
2019_1279_1463,0.6785677053227717
2019_1332_1341,0.8424775882909639
2019_1332_1345,0.26735027093711916
2019_1332_1387,0.6387850797668796
2019_1332_1388,0.5052966297454025
2019_1332_1371,0.5682542382193951
2019_1332_1385,0.6475699011722509
2019_1332_1393,0.5255204941653313
2019_1332_1396,0.6270571450213911
2019_1332_1397,0.228915054530905
2019_1332_1403,0.2309155066064157
2019_1332_1414,0.5900547538154219
2019_1332_1416,0.5634740475647946
2019_1332_1429,0.5406178333993592
2019_1332_1433,0.38440943261779625
2019_1332_1439,0.3749631163726985
2019_1332_1436,0.6269250230100057
2019_1332_1437,0.48313399493255116
2019_1332_1438,0.11594131166153177
2019_1332_1449,0.5277318599629077
2019_1332_1458,0.2953337302258936
2019_1332_1459,0.414711101720017
2019_1332_1463,0.6627640115959502
2019_1341_1345,0.02408597397794121
2019_1341_1387,0.19181282366964358
2019_1341_1388,0.08279479489714214
2019_1341_1371,0.09562463682116329
2019_1341_1385,0.17533667010660925
2019_1341_1393,0.06338783064474085
2019_1341_1396,0.15202401048543057
2019_1341_1397,0.022205342654162297
2019_1341_1403,0.021549003122120602
2019_1341_1414,0.1569577083536492
2019_1341_1416,0.07732348626395757
2019_1341_1429,0.0708138200947922
2019_1341_1433,0.0690644967820836
2019_1341_1439,0.026893504409127855
2019_1341_1436,0.1761443035714806
2019_1341_1437,0.06533473946424206
2019_1341_1438,0.00957812731181873
2019_1341_1449,0.08304100212763188
2019_1341_1458,0.03142443688440433
2019_1341_1459,0.061377759789634445
2019_1341_1463,0.21395705695650635
2019_1345_1387,0.8725481153727195
2019_1345_1388,0.7935094342892592
2019_1345_1371,0.8563370531451244
2019_1345_1385,0.9019634331649761
2019_1345_1393,0.7691914712717853
2019_1345_1396,0.9019315800139311
2019_1345_1397,0.45519747110894193
2019_1345_1403,0.4595869239977066
2019_1345_1414,0.8657550672740693
2019_1345_1416,0.8296994850647337
2019_1345_1429,0.7954235122058465
2019_1345_1433,0.5866651358903043
2019_1345_1439,0.6034656762093442
2019_1345_1436,0.8969998607023413
2019_1345_1437,0.7614821412581991
2019_1345_1438,0.2737533354761359
2019_1345_1449,0.7658413949760834
2019_1345_1458,0.5003886991876043
2019_1345_1459,0.7184196583947285
2019_1345_1463,0.8914749279074894
2019_1387_1388,0.2100729430767585
2019_1387_1371,0.22125073065038492
2019_1387_1385,0.35644372312145634
2019_1387_1393,0.16973259717990374
2019_1387_1396,0.31897805889899267
2019_1387_1397,0.10824805903835255
2019_1387_1403,0.07477063758050206
2019_1387_1414,0.3268886378595117
2019_1387_1416,0.19568827535994682
2019_1387_1429,0.19982949464985178
2019_1387_1433,0.17392444040819655
2019_1387_1439,0.12797709261592516
2019_1387_1436,0.3567721800604715
2019_1387_1437,0.19657008271405685
2019_1387_1438,0.048034411168619284
2019_1387_1449,0.20589736051570817
2019_1387_1458,0.09864057383399771
2019_1387_1459,0.18420512146810009
2019_1387_1463,0.41849430087392814
2019_1388_1371,0.72311727168519
2019_1388_1385,0.7689023348147611
2019_1388_1393,0.6671939717416555
2019_1388_1396,0.7640815826462256
2019_1388_1397,0.285633259643401
2019_1388_1403,0.32586256259243584
2019_1388_1414,0.7000603271244721
2019_1388_1416,0.7184227295082329
2019_1388_1429,0.6924122115887876
2019_1388_1433,0.4410230833721305
2019_1388_1439,0.4942158333542934
2019_1388_1436,0.7458581457476785
2019_1388_1437,0.6132508114241593
2019_1388_1438,0.15238966222455774
2019_1388_1449,0.6507347335308435
2019_1388_1458,0.3855600853650507
2019_1388_1459,0.5264066073494322
2019_1388_1463,0.7588315411274387
2019_1371_1385,0.5918445577991622
2019_1371_1393,0.4425133980784275
2019_1371_1396,0.5668374422798755
2019_1371_1397,0.1877270131482156
2019_1371_1403,0.18426018156043122
2019_1371_1414,0.528635742135823
2019_1371_1416,0.47950564975415466
2019_1371_1429,0.4656834077002885
2019_1371_1433,0.31755946022940884
2019_1371_1439,0.33022801815720537
2019_1371_1436,0.5711687450380208
2019_1371_1437,0.4213630045544875
2019_1371_1438,0.08333045798900063
2019_1371_1449,0.45781101735110363
2019_1371_1458,0.23677190190198216
2019_1371_1459,0.357284850881881
2019_1371_1463,0.6097663364829241
2019_1385_1393,0.29652597874937403
2019_1385_1396,0.4547120138457206
2019_1385_1397,0.15435234077382565
2019_1385_1403,0.11422724788064742
2019_1385_1414,0.4280634502428551
2019_1385_1416,0.33224179967821776
2019_1385_1429,0.3130760098248826
2019_1385_1433,0.2297263285338651
2019_1385_1439,0.21735325047305065
2019_1385_1436,0.46894079534554267
2019_1385_1437,0.2967797037808936
2019_1385_1438,0.07033519134373067
2019_1385_1449,0.32864840267423934
2019_1385_1458,0.14692869721564528
2019_1385_1459,0.26386475005314236
2019_1385_1463,0.5143949698895036
2019_1393_1396,0.6326062354589357
2019_1393_1397,0.26266004669494714
2019_1393_1403,0.23042335490915944
2019_1393_1414,0.5870276311375934
2019_1393_1416,0.5466873492588938
2019_1393_1429,0.543576754484892
2019_1393_1433,0.3771678981435602
2019_1393_1439,0.42574598222408233
2019_1393_1436,0.6320804224262971
2019_1393_1437,0.5435344264802686
2019_1393_1438,0.10406779033793634
2019_1393_1449,0.5051404394800849
2019_1393_1458,0.2923185932025463
2019_1393_1459,0.4636961923063777
2019_1393_1463,0.6824351584939234
2019_1396_1397,0.15741491221545623
2019_1396_1403,0.13310086062033477
2019_1396_1414,0.45102951229315447
2019_1396_1416,0.37533279795493313
2019_1396_1429,0.3608917018064247
2019_1396_1433,0.24704863467804816
2019_1396_1439,0.25052592251349703
2019_1396_1436,0.49097209789929774
2019_1396_1437,0.3223346531072733
2019_1396_1438,0.07285544892320095
2019_1396_1449,0.36466142948558633
2019_1396_1458,0.17029402130732474
2019_1396_1459,0.2828444269126691
2019_1396_1463,0.5301169733641355
2019_1397_1403,0.4718260606579068
2019_1397_1414,0.874231124778555
2019_1397_1416,0.8343503236201486
2019_1397_1429,0.7995459405982288
2019_1397_1433,0.6142390609705066
2019_1397_1439,0.6148151554505707
2019_1397_1436,0.9019459377658415
2019_1397_1437,0.7646946038477644
2019_1397_1438,0.30637983976049066
2019_1397_1449,0.7806315458255653
2019_1397_1458,0.518147665876129
2019_1397_1459,0.7253111345871807
2019_1397_1463,0.8977110769037313
2019_1403_1414,0.8222140465130681
2019_1403_1416,0.7800261051849839
2019_1403_1429,0.766697993333973
2019_1403_1433,0.6215268883429025
2019_1403_1439,0.6403602378020097
2019_1403_1436,0.84852674871885
2019_1403_1437,0.803098442588675
2019_1403_1438,0.315434721730555
2019_1403_1449,0.7316900181549826
2019_1403_1458,0.47842064607330836
2019_1403_1459,0.7485878018769959
2019_1403_1463,0.8721960869062886
2019_1414_1416,0.3548809445103357
2019_1414_1429,0.34691623060201926
2019_1414_1433,0.25126267115051726
2019_1414_1439,0.22301910545448345
2019_1414_1436,0.4754948500266114
2019_1414_1437,0.3009209237379641
2019_1414_1438,0.07221906118377086
2019_1414_1449,0.34527383112407073
2019_1414_1458,0.16889710673288683
2019_1414_1459,0.27108752553279203
2019_1414_1463,0.5186066430448085
2019_1416_1429,0.5501936961320106
2019_1416_1433,0.3537445319606114
2019_1416_1439,0.3942134129221502
2019_1416_1436,0.625771466448968
2019_1416_1437,0.5017312876752111
2019_1416_1438,0.09291726661201238
2019_1416_1449,0.5149934640886223
2019_1416_1458,0.28363864120939275
2019_1416_1459,0.4202647117520282
2019_1416_1463,0.6591652184874683
2019_1429_1433,0.3968041320470671
2019_1429_1439,0.4121795775619641
2019_1429_1436,0.7092695898181146
2019_1429_1437,0.544500208928232
2019_1429_1438,0.1119608084051239
2019_1429_1449,0.5736414281031359
2019_1429_1458,0.3311822044794317
2019_1429_1459,0.4682374624675868
2019_1429_1463,0.7218638762944056
2019_1433_1439,0.37774128504543325
2019_1433_1436,0.6348274834969337
2019_1433_1437,0.5155971593249598
2019_1433_1438,0.12819214873073204
2019_1433_1449,0.4987100949713169
2019_1433_1458,0.28626336041363
2019_1433_1459,0.4475345228081882
2019_1433_1463,0.6797561938239324
2019_1439_1436,0.8547847487640066
2019_1439_1437,0.7340629831729124
2019_1439_1438,0.20991247012582726
2019_1439_1449,0.6827175992258177
2019_1439_1458,0.43188157705372054
2019_1439_1459,0.6871020407359006
2019_1439_1463,0.8617519467351006
2019_1436_1437,0.29652300614876126
2019_1436_1438,0.07036649633166348
2019_1436_1449,0.33717322212554235
2019_1436_1458,0.15909376462262392
2019_1436_1459,0.26686863778653724
2019_1436_1463,0.5056793324188034
2019_1437_1438,0.13108517427437283
2019_1437_1449,0.5748538337032625
2019_1437_1458,0.320792967611746
2019_1437_1459,0.4785229530868683
2019_1437_1463,0.783045038206364
2019_1438_1449,0.8992601882096434
2019_1438_1458,0.7290016248106826
2019_1438_1459,0.8796390586218121
2019_1438_1463,0.9630553838135797
2019_1449_1458,0.24138294960168039
2019_1449_1459,0.37647323565643165
2019_1449_1463,0.6136325977570612
2019_1458_1459,0.6949497975017064
2019_1458_1463,0.8264423735362021
2019_1459_1463,0.8226281884089715
